"","Annelida","Arthropoda","Brachiopoda","Bryozoa","Calcispongea","Chaetognatha","Chlorophyta","Chordata","Ciliophora","Cnidaria","Cyanobacteria","Echinodermata","Foraminifera","Hemichordata","Hyolitha","Lophotrochozoa","Mollusca","Phoronida","Porifera","Priapulida","Radiolaria","Rhodophyta","Sarcomastigophora"
"Eru",0,0,0,0,0,0,0,0,0,0,0,0,0,0,0,0,0,0,0,0,0,0,0
"Ed1",0,0,0,0,0,0,0,0,0,0,0,0,0,0,0,0,0,0,0,0,0,0,0
"Ed2",0,0,0,0,0,0,0,0,0,0,0,0,0,0,0,0,0,0,0,0,0,0,0
"Ed3",0,0,0,0,0,0,0,0,0,0,0,0,0,0,0,0,0,0,0,0,0,0,0
"Ed4",0,0,0,0,0,0,0,0,0,0,0,0,0,0,0,0,0,0,0,0,0,0,0
"Ed5",0.166666666666667,0,0,0,0,0,0,0,0,0,0,0,0,0,0,0.166666666666667,0,0,0,0,0,0,0
"Fo1",0,0,0,0,0,0,0,0,0,0,0,0,0,0,0,0,0,0,0,0,0,0,0
"Fo2",0,0,0,0,0,0,0,0,0,0,0,0,0,0,0,0,0,0,0,0,0,0,0
"Fo3",0,0,0,0,0,0,0,0,0,0,0,0,0,0,0,0,1,0,0,0,0,0,0
"Cm21",0,0,0,0,0,0,0,0,0,0,0,0,0,0,0,0,1,0,0,0,0,0,0
"Cm22",0,0,0,0,0,0,0,0,0,0,0.25,0,0,0,0.5,0,0,0,0.25,0,0,0,0
"Cm23",0,0,0.0769230769230769,0,0,0,0,0,0,0,0,0,0,0,0,0,0.0769230769230769,0,0.692307692307692,0,0,0,0
"Cm31",0,0.0434782608695652,0.0869565217391304,0,0,0,0,0,0,0,0,0,0,0,0,0,0,0,0.826086956521739,0,0,0,0
"Cm32",0,0.173913043478261,0.0869565217391304,0,0,0,0,0,0,0,0,0,0,0,0,0,0.0869565217391304,0,0.782608695652174,0,0,0,0
"Cm33",0,0.1,0,0,0,0,0,0,0,0,0,0,0,0,0,0,0.0666666666666667,0,0.766666666666667,0,0,0,0
"Cm41",0,0,0,0,0,0,0,0,0,0,0,0,0,0,0,0,0,0,1,0,0,0,0
"Cm42",0,0.266666666666667,0.133333333333333,0,0,0,0,0,0,0,0.133333333333333,0,0,0,0,0,0,0,0.466666666666667,0,0,0,0
"Wu1",0,0.75,0,0,0,0,0,0,0,0,0,0,0,0,0,0,0,0,0.25,0,0,0,0
"Wu2",0,0.5,0,0,0,0,0,0,0,0,0,0,0,0,0,0,0,0,0,0,0,0,0
"Dr1",0,0,0,0,0,0,0,0,0,0,0,0,0,0,0,0,0,0,0,0,0,0,0
"Dr2",0,0,0,0,0,0,0,0,0,0,0,0,0,0,0,0,0,0,0,0,0,0,0
"Gu1",0,0,0,0,0,0,0,0,0,0,0,0,0,0,0,0,0,0,0,0,0,0,0
"Gu2",0,0.25,0.25,0,0,0,0,0,0,0,0,0,0,0,0,0,0,0,0,0,0,0,0
"Pb1",0,0,0,0,0,0,0,0,0,0,0,0,0,0,0,0,0.5,0,0,0,0,0,0
"Pb2",0,1,0,0,0,0,0,0,0,0,0,0,0,0,0,0,0,0,0,0,0,0,0
"Jn1",0,1,0,0,0,0,0,0,0,0,0,0,0,0,0,0,0,0,0,0,0,0,0
"Jn2",0,0.5,0,0,0,0,0,0,0,0,0,0,0,0,0,0,0.25,0,0,0,0,0,0
"CmX1",0,0.6,0,0,0,0,0,0.2,0,0,0,0,0,0,0,0,0,0,0,0,0,0,0
"CmX2",0,0.333333333333333,0,0,0,0,0,0,0,0,0,0,0,0,0,0,0.666666666666667,0,0,0,0,0,0
"Tr1",0,0,0,0,0,0,0,0,0,0,0,0,0,0,0,0,0,0,0,0,0,0,0
"Tr2",0,0.2,0,0,0,0,0,0.2,0,0,0,0.2,0,0,0,0,0.2,0,0,0,0,0,0
"Tr3",0,0,0,0,0,0,0,0,0,0,0,0,0,0,0,0,0,0,1,0,0,0,0
"Fl1",0,0.333333333333333,0.222222222222222,0,0,0,0,0,0,0,0,0,0,0,0,0,0.333333333333333,0,0.222222222222222,0,0,0,0
"Fl2",0,0,0,0,0,0,0,0,0,0,0,0,0,0,0,0,0,0,0,0,0,0,0
"Fl3",0,0,0,0,0,0,0,0.2,0,0,0,0,0,0,0,0,0,0,0.4,0,0,0,0
"Dp1",0,0,0.333333333333333,0,0,0,0,0.333333333333333,0,0,0,0,0,0,0,0,0.333333333333333,0,0,0,0,0,0
"Dp2",0,3,3,0,0,0,0,3,0,0,0,0,0,0,0,0,0,0,0,0,0,0,0
"Dp3",0,0,0.4,0,0,0,0,0.2,0,0,0,0,0,0,0,0,0,0,0.2,0,0,0,0
"Dw1",0,0.5,0,0,0,0,0,0,0,0,0,0,0,0,0,0,0,0,0.5,0,0,0,0
"Dw2",0,0,1,0,0,0,0,0,0,0,0,0,0,0,0,0,0,0,0,0,0,0,0
"Dw3",0,0,0.166666666666667,0.166666666666667,0,0,0,0,0,0,0,0,0,0,0,0,0.166666666666667,0,0.166666666666667,0,0,0,0
"Sa1",0,0.333333333333333,0.333333333333333,0.111111111111111,0,0,0,0,0,0,0,0.222222222222222,0,0,0,0,0.111111111111111,0,0.222222222222222,0,0,0,0
"Sa2",0.0714285714285714,0.0714285714285714,0.0714285714285714,0.357142857142857,0,0,0,0,0,0,0.0714285714285714,0,0,0,0,0,0.142857142857143,0,0,0,0,0,0
"Ka1",0,0.357142857142857,0.214285714285714,0,0,0,0.142857142857143,0.0714285714285714,0,0,0.0714285714285714,0,0,0,0,0,0.214285714285714,0,0.214285714285714,0,0,0.571428571428571,0
"Ka2",0,0,0.25,0,0,0,1,0.25,0,1,1,0,0,0,0,0,1,0,0.25,0,0,0,0
"Ka3",0,0,0.333333333333333,0,0,0,0,0.333333333333333,0,0.333333333333333,0,0,0,0,0,0,0,0,0,0,0,0,0
"Ka4",0,0.151515151515152,0.0909090909090909,0.181818181818182,0,0,0.0909090909090909,0.0909090909090909,0,0.242424242424242,0.0606060606060606,0.0303030303030303,0,0,0,0,0.0606060606060606,0,0.0909090909090909,0,0,0.0909090909090909,0
"Hi1",0,0.125,0.5,0.125,0,0,0,0.125,0,0,0,0,0,0,0,0,0,0,0,0,0,0,0
"Hi2",0,0,0,0,0,0,0,0,0,0.2,0,0,0,0,0,0,0,0,0.4,0,0,0,0
"Rh1",0,0,0,0,0,0,0,0,0,0,0,0,0,0,0,0,0,0,0,0,0,0,0
"Rh2",0,0,0.166666666666667,0,0,0,0,0,0,0.333333333333333,0,0,0,0,0,0,0,0,0.333333333333333,0,0,0,0
"Rh3",0,0,1,0,0,0,0,0,0,0,0,0,0,0,0,0,0,0,0,0,0,0,0
"Ae1",0,0,0,0,0,0,0,0,0,0,0,0,0,0,0,0,0,0,0,0,0,0,0
"Ae2",0,0,0.25,0,0,0,0,0.5,0,0.25,0,0,0,0,0,0,0,0,0,0,0,0,0
"Ae3",0,0,0.142857142857143,0,0,0,0,0,0,0.571428571428571,0,0.142857142857143,0,0,0,0,0,0,0.142857142857143,0,0,0,0
"Te1",0,0,0,0,0,0,0,0,0,0.8,0,0,0,0,0,0,0,0,0.2,0,0,0,0
"Te2",0,0,0.25,0,0,0,0,0,0,0.25,0,0,0,0,0,0,0,0,0.25,0,0,0,0
"Te3",0,0.166666666666667,0.5,0,0,0,0,0,0,0.5,0,0.166666666666667,0,0,0,0,0,0,0.166666666666667,0,0,0,0
"Te4",0,0,0.4,0,0,0,0,0,0,0.4,0,0,0,0,0,0,0,0,0,0,0,0,0
"Te5",0,0,0.1,0.1,0,0,0,0,0,0.5,0,0,0,0,0,0,0.2,0,0,0,0,0,0
"Sh1",0,0,0.222222222222222,0.111111111111111,0,0,0,0,0,0.555555555555556,0,0,0,0,0,0,0,0,0.111111111111111,0,0,0,0
"Sh2",0,0,0.142857142857143,0,0,0,0,0.142857142857143,0,0.285714285714286,0,0,0,0,0,0,0,0,0.285714285714286,0,0,0,0
"Sh3",0,0,0.25,0,0,0,0,0.25,0,0.25,0.25,0,0,0,0,0,0,0,0,0,0,0,0
"Ho1",0,0.166666666666667,0,0,0,0,0,0,0,0.166666666666667,0,0.333333333333333,0,0,0,0,0.166666666666667,0,0.166666666666667,0,0,0,0
"Ho2",0,0,0.333333333333333,0,0,0,0,0,0,0.333333333333333,0,0,0,0,0,0,0,0,0.333333333333333,0,0,0,0
"Ho3",0,0.5,0.25,0,0,0,0,0,0,0.25,0,0,0,0,0,0,0,0,0,0,0,0,0
"Go1",0,0,0,0,0,0,0,0,0,0.75,0.25,0,0,0,0,0,0,0,0,0,0,0,0
"Go2",0,0,0.333333333333333,0,0,0,0,0.166666666666667,0,0.166666666666667,0,0,0,0,0,0,0.166666666666667,0,0.166666666666667,0,0,0,0
"Lu1",0,0,0.230769230769231,0,0,0,0,0.153846153846154,0,0.230769230769231,0,0,0,0,0,0,0,0,0.307692307692308,0,0,0,0
"Lu2",0,0,0,0,0,0,0,0,0,0.75,0,0,0,0,0,0,0.25,0,0,0,0,0,0
"Lu3",0,0,0.2,0,0,0,0,0,0,0.2,0,0,0,0,0,0,0,0,0.6,0,0,0,0
"Pr1",0,0,0.333333333333333,0,0,0,0,0,0,0,0,0,0,0,0,0,0,0,0.333333333333333,0,0,0,0
"Pr2",0,0,0,0.5,0,0,0,0,0,1,0,0,0,0,0,0,0,0,0.25,0,0,0,0
"Lc1",0,0,0.285714285714286,0,0,0,0,0,0,0.428571428571429,0,0,0,0,0,0,0,0,0.285714285714286,0,0,0,0
"Lc2",0,0,0,0,0,0,0,0,0,0,0,0,0,0,0,0,0,0,0,0,0,0,0
"Lc3",0,0,0,0,0,0,0,0,0,0,0,0,0,0,0,0,0,0,0,0,0,0,0
"Lc4",0,0,0.25,0,0,0,0,0,0,0.25,0,0.5,0,0,0,0,0,0,0,0,0,0,0
"Pg1",0,0,0.4,0.0666666666666667,0,0,0,0.2,0,0.2,0.0666666666666667,0,0,0,0,0,0.133333333333333,0,0.0666666666666667,0,0,0,0
"Em1",0,0.1,0.2,0,0,0,0,0.1,0,0.3,0,0,0,0,0,0,0.1,0,0.4,0,0,0,0
"Em2",0,0,1,0,0,0,0,0,0,0,0,0,0,0,0,0,0,0,0,0,0,0,0
"Em3",0,0.5,0,0,0,0,0,0,0,0.5,0,0,0,0,0,0,0,0,0,0,0,0,0
"Em4",0,0,0.222222222222222,0,0,0,0,0.222222222222222,0,0.333333333333333,0,0,0,0,0,0,0,0,0.222222222222222,0,0,0,0
"Em5",0,0,0.142857142857143,0,0,0,0,0,0,0.285714285714286,0,0,0,0,0,0,0,0,0.285714285714286,0,0,0,0
"Ei1",0,0,0,0,0,0,0,0,0,0.714285714285714,0,0,0,0,0,0,0,0,0.285714285714286,0,0,0,0
"Ei2",0,0.25,0,0,0,0,0,0,0,0.25,0,0,0,0,0,0.25,0,0,0.25,0,0,0,0
"Ei3",0,0.0714285714285714,0,0.0714285714285714,0,0,0,0,0,0.642857142857143,0,0,0,0,0,0,0,0,0.214285714285714,0,0,0,0
"Gv1",0,0,0.127659574468085,0.0212765957446809,0,0,0,0,0,0.574468085106383,0,0.106382978723404,0,0,0,0.0212765957446809,0.0212765957446809,0,0.191489361702128,0,0,0,0
"Gv2",0,0,0.333333333333333,0,0,0,0,0,0,0.555555555555556,0,0,0,0,0,0,0,0,0.444444444444444,0,0,0,0
"Gv3",0,0,0.235294117647059,0,0,0,0,0,0,0.470588235294118,0,0.117647058823529,0,0,0,0,0.117647058823529,0,0.294117647058824,0,0,0,0
"Fr1",0,0,0.16,0,0,0,0,0,0,0.28,0,0,0,0,0,0,0.04,0,0.6,0,0,0,0
"Fr2",0,0,0.0833333333333333,0,0,0,0,0,0,0.25,0,0,0,0,0,0,0,0,0.333333333333333,0,0,0,0
"Fr3",0,0,0,0,0,0,0,0,0,0.666666666666667,0,0,0,0,0,0,0,0,0.333333333333333,0,0,0,0
"Fr4",0,0,0.0909090909090909,0,0,0,0,0,0,0.636363636363636,0,0,0,0,0,0,0.0909090909090909,0,0.181818181818182,0,0,0,0
"Fr5",0,0.111111111111111,0.222222222222222,0,0,0,0,0.111111111111111,0,0.333333333333333,0,0,0,0,0,0,0,0,0.222222222222222,0,0,0,0
"Fa1",0,0.2,0,0,0,0,0,0.4,0,0,0,0,0,0,0,0,0.2,0,0.2,0,0,0,0
"Fa2",0,0.25,0,0,0,0,0,0,0,0,0.25,0,0.25,0,0,0,0,0,0.25,0,0,0,0
"Fa3",0,0,0,0,0,0,0,0,0,1,0,0,0,0,0,0,0,0,0,0,0,0,0
"Fa4",0,0,0.6,0,0,0,0,0,0,0,0,0,0,0,0,0,0,0,0.4,0,0,0,0
"Fa5",0,0,0.333333333333333,0,0,0,0,0,0,0.666666666666667,0,0,0,0,0,0,0,0,0,0,0,0,0
"Tn1",0,0,0,0,0,0,0,0,0,1,0,0,0,0,0,0,0,0,0,0,0,0,0
"Tn2",0,0,0,0,0,0,0,0,0,1,0,0,0,0,0,0,0,0,0,0,0,0,0
"Tn3",0,0,0,0,0,0,0,0,0,0,0,0,0,0,0,0,0,0,0,0,0,0,0
"Tn4",0,0,0,0,0,0,0,0,0,0,0,0,0,0,0,0,0,0,0,0,0,0,0
"Tn5",0,0,0.333333333333333,0,0,0,0,0,0,0.333333333333333,0,0,0,0,0,0,0.333333333333333,0,0,0,0,0,0
"Vi1",0,0,0.166666666666667,0,0,0,0,0,0,0.166666666666667,0,0.333333333333333,0.166666666666667,0,0,0,0,0,0,0,0,0,0
"Vi2",0,0,0,0,0,0,0,0,0,0,0,0,0,0,0,0,0,0,0,0,0,0,0
"Vi3",0,0,0,0.166666666666667,0,0,0,0,0,0.166666666666667,0,0,0.333333333333333,0,0,0,0,0,0,0,0,0,0
"Vi4",0,0.0833333333333333,0.25,0,0,0,0.0833333333333333,0,0,0.416666666666667,0,0,0.0833333333333333,0,0,0,0,0,0,0,0,0,0
"Vi5",0,0.0714285714285714,0.142857142857143,0,0,0,0,0,0,0.714285714285714,0,0,0.0714285714285714,0,0,0,0,0,0,0,0,0,0
"Sr1",0,0.4,0,0.2,0,0,0,0,0,0.6,0,0,0.2,0,0,0,0,0,0,0,0,0,0
"Sr2",0,0,0,0,0,0,0,0,0,0.333333333333333,0.333333333333333,0,0,0,0,0,0.333333333333333,0,0,0,0,0,0
"Sr3",0,0,0,0,0,0,0,0,0,0,0,0,0,0,0,0,0,0,0,0,0,0,0
"Ba1",0,0,0.142857142857143,0.142857142857143,0,0,0.285714285714286,0.285714285714286,0,0.285714285714286,0,0.285714285714286,0.285714285714286,0,0,0,0,0,0,0,0,0,0
"Ba2",0,0,0,0,0,0,0,0,0,0,0,0,0,0,0,0,0,0,0,0,0,0,0
"Ba3",0,0,0,0,0,0,0,0,0,0,0,0,0,0,0,0,0,0,1,0,0,0,0
"Mo1",0,0,0.5,0,0,0,0,0,0,0,0,0,0,0,0,0,0,0,0,0,0,0,0
"Mo2",0,0,0,0,0,0,0,0,0,0,0,0,0,0,0,0,0,0,0,0,0,0,0
"Mo3",0,0,0.333333333333333,0.166666666666667,0,0,0.333333333333333,0,0,0,0,0,0.666666666666667,0,0,0,0,0,0,0,0,0,0
"Ks1",0,0,0,0,0,0,0,0,0,0,0,0,0,0,0,0,0,0,0,0,0,0,0
"Ks2",0,0,0,0.25,0,0,0.5,0,0,0.25,0,0,0,0,0,0,0.25,0,0,0,0,0.5,0
"Gz1",0,0,0.4,0,0,0,0.2,0,0,0.2,0,0,0.2,0,0,0,0,0,0,0,0,0,0
"Gz2",0,0,2,0,0,0,0,0,0,0,0,0,0,0,0,0,2,0,0,0,0,0,0
"As1",0,0,0,0,0,0,0,0,0,1,0,0,0,0,0,0,0,0,0,0,0,0,0
"As2",0,0,0.666666666666667,0,0,0,0,0,0,0,0,0,0,0,0,0,0,0,0,0,0,0,0
"Sk1",0,0,0.5,0,0,0,0,0,0,0.5,0,0,0,0,0,0,0,0,0,0,0,0,0
"Sk2",0,0,0,0.5,0,0,0,0,0,0.5,0,0,0,0,0,0,0,0,0,0,0,0,0
"Ar1",0,0,0,0.5,0,0,0,0,0,0,0,0.5,0,0,0,0,0,0,0,0,0,0,0
"Ar2",0,0,1,0,0,0,0,0,0,0,0,0,0,0,0,0,0,0,0,0,0,0,0
"Ar3",0,0,0,0,0,0,0,0,0,0,0,0,0,0,0,0,0,0,0,0,0,0,0
"Ar4",0,0,0.333333333333333,0.333333333333333,0,0,0,0,0,0,0,0,0,0,0,0,0,0,0.111111111111111,0,0,0,0
"Ku1",0,0,0.777777777777778,0.111111111111111,0,0,0,0,0,0,0,0,0,0,0,0,0,0,0,0,0,0,0
"Ku2",0,0,0.5,0,0,0,0,0,0,0,0,0,0,0,0,0,0,0,0.5,0,0,0,0
"Ro1",0,0,0.333333333333333,0,0,0,0,0,0,0,0,0,0,0,0,0,0.666666666666667,0,0,0,0,0,0
"Ro2",0,0,0.285714285714286,0,0,0,0,0,0,0.142857142857143,0,0,0.142857142857143,0,0,0,0,0,0.285714285714286,0,0,0,0
"Wrd",0,0,0.2,0,0,0,0,0,0,0,0,0,0,0,0,0,0,0,0.6,0,0,0,0
"Cp1",0,0,0.222222222222222,0,0,0,0,0,0,0,0,0,0,0,0,0,0,0,0.777777777777778,0,0,0,0
"Cp2",0,0,0,0,0,0,0,0,0,0.5,0,0,0,0,0,0,0,0,0.25,0,0,0,0
"Wp1",0,0,0.125,0.375,0,0,0,0,0,0.125,0,0,0,0,0,0,0.125,0,0.125,0,0,0,0
"Wp2",0,0,0,0,0,0,0,0,0,0,0,0,0,0,0,0,0,0,1,0,0,0,0
"Chg",0,0,0.352941176470588,0,0,0,0,0,0,0.117647058823529,0,0,0,0,0,0,0,0,0.411764705882353,0,0,0,0
"Ind",0,0,0,0,0,0,0,0,0,0,0,0,0,0,0,0,0,0,0,0,0,0,0
"Ol1",0,0,0,0,0,0,0,0,0,0,0,0,0,0,0,0,0,0,0,0,0,0,0
"Ol2",0,0,0,0,0,0,0,0,0,0,0,0,0,0,0,0,0.25,0,0,0,0,0,0
"An1",0,0,0.5,0,0,0,0,0,0,0,0,0,0,0,0,0,0,0,0,0,0,0,0
"An2",0,0,0.111111111111111,0,0,0,0,0,0,0.111111111111111,0,0,0.222222222222222,0,0,0,0.111111111111111,0,0.111111111111111,0,0,0,0
"An3",0,0,0,0,0,0,0.125,0,0,0.375,0,0.125,0,0,0,0,0.25,0,0,0,0,0.125,0
"Ld1",0,0,0,0,0,0,0,0,0,0,0,0,0,0,0,0,0,0,1,0,0,0,0
"Ld2",0,0,0.0625,0,0,0,0,0.0625,0,0.1875,0,0,0.0625,0,0,0,0.125,0,0.5,0,0,0,0
"Cr1",0,0,0.0909090909090909,0,0,0,0,0,0,0.0909090909090909,0,0,0,0,0,0,0.0909090909090909,0,0.454545454545455,0,0,0,0
"Cr2",0,0,0,0,0,0,0,0,0,1,0,0,0,0,0,0,0,0,0,0,0,0,0
"Cr3",0,0,0.25,0,0,0,0,0,0,0.375,0,0,0,0,0,0,0,0,0.375,0,0,0,0
"Nr1",0,0,0,0,0,0,0,0,0,0.2,0,0,0,0,0,0,0,0,0.2,0,0,0.2,0
"Nr2",0,0,0,0,0,0,0,0,0,0,0,0,0,0,0,0,0,0,0,0,0,0,0
"Nr3",0,0,0.25,0,0,0,0,0,0,0.5,0,0,0,0,0,0,0,0,0.25,0,0,0,0
"Nr4",0,0,0,0,0,0,0,0,0,0,0,0,0,0,0,0,1,0,0,0,0,0,0
"Nr5",0,0,0,0,0,0,0,0,0,0.307692307692308,0,0,0,0,0,0,0,0,0.615384615384615,0,0,0,0
"Nr6",0,0,0,0,0,0,0.0625,0,0,0.3125,0,0,0.3125,0,0,0,0.1875,0,0.125,0,0,0,0
"Rt1",0,0,0.0625,0,0,0,0,0,0,0.5625,0,0,0.125,0,0,0,0.1875,0,0.1875,0,0,0,0
"Rt2",0,0,0,0,0,0,0,0,0,0,0,0,0,0,0,0,0,0,0,0,0,0,0
"Rt3",0,0,0,0,0,0,0,0,0,1,0,0,0,0,0,0,0,0,0,0,0,0,0
"Rt4",0,0,0,0,0,0,0,0,0,1,0,0,0,0,0,0,0,0,0,0,0,0,0
"Ht",0,0,0,0,0,0,0,0,0,1,0,0,0,0,0,0,0,0,0,0,0,0,0
"Sn1",0,0,1,0,0,0,0,0,0,0,0,0,0,0,0,0,0,0,0,0,0,0,0
"Sn2",0,0,0.5,0,0,0,0,0,0,0,0,0,0,0,0,0,0.5,0,0,0,0,0,0
"Sn3",0,0,0,0,0,0,0,0,0,1,0,0,0,0,0,0,0,0,0,0,0,0,0
"Pn1",0,0,0,0,0,0,0,0,0,0,0,0,0.5,0,0,0,0.5,0,0,0,0,0,0
"Pn2",0,0,0,0,0,0,0,0,0,0,0,0,0,0,0,0,0,0,0,0,0,0,0
"Pn3",0,0,0,0,0,0,0,0,0,0.25,0,0,0.25,0,0,0,0.125,0,0,0,0,0,0
"To1",0,0,0,0,0,0,0,0,0,0,0,0,0.5,0,0,0,0.5,0,0,0,0,0,0
"To2",0,0,0,0,0,0,0,0,0,0,0,0,1,0,0,0,0,0,0,0,0,0,0
"To3",0,0,0,0,0,0,0,0,0,0,0,0,0,0,0,0,0,0,0,0,0,0,0
"Aa1",0,0,0,0,0,0,0,0,0,1,0,0,0,0,0,0,0,0,0,0,0,0,0
"Aa2",0,0,0.5,0,0,0,0,0,0,0,0,0.5,0,0,0,0,0,0,0,0,0,0,0
"Baj",0,0,0.0666666666666667,0,0,0,0,0,0,0.533333333333333,0,0.133333333333333,0.2,0,0,0,0.133333333333333,0,0,0,0,0,0
"Bt1",0,0,0,0,0,0,0,0,0,0,0,0,0,0,0,0,1,0,0,0,0,0,0
"Bt2",0,0,0.2,0,0,0,0,0,0,0.8,0,0,0,0,0,0,0,0,0,0,0,0,0
"Cl1",0,0,0.166666666666667,0,0,0,0,0,0,0.166666666666667,0,0,0,0,0,0,0.5,0,0,0,0,0,0
"Cl2",0,0,0,0,0,0,0,0,0,0.333333333333333,0,0,0,0,0,0,0.333333333333333,0,0.333333333333333,0,0,0,0
"Ox1",0,0,0.2,0,0,0,0,0,0,0.2,0,0,0,0,0,0,0.2,0,0.4,0,0,0,0
"Ox2",0,0,0,0,0,0,0,0,0,0.416666666666667,0,0.0833333333333333,0,0,0,0,0.166666666666667,0,0.25,0,0,0,0
"Ox3",0.0384615384615385,0.0384615384615385,0,0,0,0,0,0,0,0.538461538461538,0.0384615384615385,0,0,0,0,0,0.0769230769230769,0,0.115384615384615,0,0,0,0
"Km1",0,0,0,0,0,0,0.0526315789473684,0,0,0.578947368421053,0,0,0.157894736842105,0,0,0,0.157894736842105,0,0.157894736842105,0,0,0,0
"Km2",0,0,0,0,0,0,0,0,0,0.333333333333333,0,0,0,0,0,0,0.5,0,0,0,0,0,0
"Tt1",0,0,0,0,0,0,0.181818181818182,0,0,0.272727272727273,0.0909090909090909,0,0.363636363636364,0,0,0,0.181818181818182,0,0.181818181818182,0,0,0,0
"Tt2",0,0,0,0,0,0,0,0,0,1,0,0,0,0,0,0,0,0,0,0,0,0,0
"Tt3",0.25,0,0,0,0,0,0,0,0,0.25,0,0,0,0,0,0,0,0,0,0,0,0,0
"Ber1",0,0,0,0,0,0,0,0,0,0,0,0,0,0,0,0,0,0,0,0,0,0,0
"Ber2",0,0,0,0,0,0,0,0,0,0,0,0,0,0,0,0,0,0,0,0,0,0,0
"Vl1",0,0,0,0,0,0,0,0,0,0,0,0,2,0,0,0,0,0,2,0,0,0,0
"Vl2",0,0,0,0,0,0,0,0,0,1,0,0,0,0,0,0,0,0,0,0,0,0,0
"Ha1",0.4,0,0,0,0,0,0,0,0,0.4,0,0,0,0,0,0,0,0,0.2,0,0,0,0
"Ha2",0,0,0,0,0,0,0,0,0,0,0,0,0,0,0,0,0,0,0,0,0,0,0
"Ha3",0,0,0,0,0,0,0,0,0,0,0,0,0,0,0,0,0,0,0,0,0,0,0
"Bar1",0,0,0,0,0,0,0,0,0,0.666666666666667,0,0,0,0,0,0,0,0,0,0,0,0,0
"Bar2",0,0,0,0,0,0,0,0,0,0.428571428571429,0,0,0.285714285714286,0,0,0,0.571428571428571,0,0,0,0,0,0
"Ap1",0,0,0,0,0,0,0,0,0,0.666666666666667,0,0,0,0,0,0,1.33333333333333,0,0,0,0,0,0
"Ap2",0,0,0,0,0,0,0,0,0,0,0,0,0.5,0,0,0,0,0,0,0,0,0,0
"Ap3",0,0,0,0,0,0,0,0,0,0,0,0,0,0,0,0,0,0,0,0,0,0,0
"Ap4",0,0,0,0,0,0,0,0,0,0.5,0,0,0.25,0,0,0,0.25,0,0,0,0,0,0
"Al1",0,0,0,0,0,0,0,0,0,0.4,0,0,0.1,0,0,0,0.4,0,0.1,0,0,0,0
"Al2",0,0,0,0,0,0,0,0,0,0.333333333333333,0,0,0.333333333333333,0,0,0,0.555555555555556,0,0.111111111111111,0,0,0,0
"Al3",0,0.25,0,0,0,0,0,0,0,0.25,0,0,0.25,0,0,0,0.25,0,0,0,0,0,0
"Al4",0,0,0,0,0,0,0,0,0,0,0,0,0,0,0,0,0.6,0,0,0,0,0.2,0
"Cn1",0,0,0,0,0,0,0,0,0,1,0,0,0,0,0,0,0,0,0,0,0,0,0
"Cn2",0,0,0,0,0,0,0,0,0,0,0,0,0,0,0,0,1,0,0,0,0,0,0
"Cn3",0,0,0,0,0,0,0,0.181818181818182,0,0.181818181818182,0,0,0.272727272727273,0,0,0,0.727272727272727,0,0.181818181818182,0,0,0,0
"Tu1",0,0,0,0,0,0,0,0,0,0.333333333333333,0,0,0,0,0,0,0.333333333333333,0,0,0,0,0,0
"Tu2",0,0,0,0,0,0,0,0,0,0.2,0,0,0,0,0,0,0.6,0,0,0,0,0,0
"Co1",0,0,0,0.5,0,0,0,0,0,0,0,0,0,0,0,0,0.5,0,0,0,0,0,0
"Co2",0,0,0,0,0,0,0,0,0,0,0,0,0,0,0,0,1,0,0,0,0,0,0
"Snt",0,0.0909090909090909,0,0,0,0,0,0,0,0.181818181818182,0,0,0.0909090909090909,0,0,0,0.363636363636364,0,0,0,0,0,0
"Cm1",0,0,0,0,0,0,0,0,0,0,0,0,0,0,0,0,0.833333333333333,0,0,0,0,0,0
"Cm2",0,0,0,0,0,0,0,0,0,0,0,0,0,0,0,0,0,0,0,0,0,0,0
"Cm3",0,0,0,0,0,0,0,0,0,0,0,0,0.5,0,0,0,0.5,0,0,0,0,0,0
"Cm4",0,0,0,0,0,0,0,0,0,0.5,0,0,0,0,0,0,0.5,0,0,0,0,0,0
"Cm5",0,0,0,0,0,0,0,0,0,0,0,0,0,0,0,0,1,0,0,0,0,0,0
"Ma1",0,0,0,0,0,0,0,0,0,0.2,0,0,0.2,0,0,0,0.5,0,0,0,0,0,0
"Ma2",0,0,0,0,0,0,0,0,0,0,0,0,0,0,0,0,0,0,0,0,0,0,0
"Ma3",0,0,0,0,0,0,0,1,0,0,0,0,0,0,0,0,0,0,0,0,0,0,0
"Pa1",0,0.125,0,0,0,0,0,0,0,0.375,0,0,0,0,0,0,0.5,0,0,0,0,0,0
"Pa2",0,0,0,0,0,0,0,0,0,0.25,0,0,0.5,0,0,0,0,0,0,0,0,0,0
"Pa3",0,0,0,0,0,0,0.4,0,0,0.2,0,0,0.2,0,0,0,0,0,0,0,0,0,0
"Pa4",0,0,0,0,0,0,0,0,0,0.217391304347826,0,0,0.478260869565217,0,0,0,0,0,0,0,0,0.347826086956522,0
"Eo1",0,0,0,0,0,0,0,0,0,0,0,0,0.6,0,0,0,0,0,0,0,0,0.2,0
"Eo2",0,0,0,0,0,0,0,0,0,0,0,0,0,0,0,0,0,0,0,0,0,0,0
"Eo3",0,0,0,0,0,0,0,0,0,0,0,0,0,0,0,0,1,0,0,0,0,0,0
"Eo4",0,0,0,0,0,0,0,0,0,0,0,0,0,0,0,0,0.5,0,0,0,0,0.5,0
"Eo5",0,0,0,0,0,0,0,0,0,0,0,0,0,0,0,0,0,0,0,0,0,0,0
"Eo6",0,0,0,0,0,0,0,0,0,0.5,0,0,0,0,0,0,0,0,0,0,0,0.5,0
"Eo7",0,0,0,0,0,0,0,0,0,1,0,0,0,0,0,0,0,0,0,0,0,0,0
"Eo8",0,0,0,0,0,0,0,0,0,0.571428571428571,0,0,0.285714285714286,0,0,0,0.142857142857143,0,0,0,0,0,0
"Eo9",0,0,0,0,0,0,0,0,0,0,0,0,0,0,0,0,0,0,0,0,0,0,0
"Og1",0,0.142857142857143,0,0,0,0,0,0,0,0.714285714285714,0,0,0,0,0,0,0,0,0,0,0,0.142857142857143,0
"Og2",0,0,0,0,0,0,0,0,0,0.727272727272727,0,0,0.0909090909090909,0,0,0,0.0909090909090909,0,0,0,0,0.0909090909090909,0
"Og3",0,0,0,0,0,0,0,0,0,1,0,0,0,0,0,0,0,0,0,0,0,0,0
"Og4",0,0,0,0,0,0,0,0,0,0.6,0,0,0.2,0,0,0,0,0,0,0,0,0.2,0
"Mi1",0,0.125,0,0.125,0,0,0,0,0,0.75,0,0,0,0,0,0,0,0,0,0,0,0,0
"Mi2",0,0,0,0,0,0,0,0,0,0.666666666666667,0,0,0,0,0,0,0.333333333333333,0,0,0,0,0,0
"Mi3",0,0.2,0,0,0,0,0,0,0,0.8,0,0,0,0,0,0,0,0,0,0,0,0,0
"Mi4",0,0,0,0,0,0,0,0.0714285714285714,0,0.5,0,0,0.214285714285714,0,0,0,0.0714285714285714,0,0,0,0,0.0714285714285714,0
"Mi5",0,0,0,0,0,0,0,0.25,0,0.25,0,0,0,0,0,0,0.25,0,0,0,0,0.25,0
"Mi6",0,0,0,0,0,0,0,0,0,0.75,0,0,0,0,0,0,0.5,0,0,0,0,0.125,0
"Mi7",0,0,0,0,0,0,0,0,0,1,0,0,0,0,0,0,0,0,0,0,0,0,0
"Mi8",0,0,0,0,0,0,0,0.0526315789473684,0,0.368421052631579,0,0,0.105263157894737,0,0,0,0.263157894736842,0,0,0,0,0.157894736842105,0
"Pc1",0,0,0.0526315789473684,0,0,0,0,0,0,0.473684210526316,0,0,0,0,0,0,0.315789473684211,0,0,0,0,0.0526315789473684,0
"Pt1",0,0.03125,0,0.03125,0,0,0,0,0,0.78125,0,0,0.0625,0,0,0,0.15625,0,0,0,0,0,0
